연번,구분,시도,시군구,기관명
1,출자기관,서울특별시,성동구,성동미래일자리(주)
2,출자기관,서울특별시,노원구,노원어르신행복주식회사
3,출자기관,서울특별시,금천구,금천일자리 주식회사
4,출자기관,서울특별시,동작구,대한민국동작주식회사
5,출자기관,서울특별시,관악구,관악일자리행복 주식회사
6,출자기관,서울특별시,서초구,서초여성일자리주식회사
7,출자기관,부산광역시,본청,(주)벡스코
8,출자기관,부산광역시,본청,아시아드CC(주)
9,출자기관,대구광역시,본청,(주)엑스코
10,출자기관,인천광역시,본청,인천스마트시티(주)
11,출자기관,인천광역시,본청,인천투자펀드
12,출자기관,인천광역시,본청,인천종합에너지(주)
13,출자기관,인천광역시,남동구,남동스마트밸리개발 주식회사
14,출자기관,광주광역시,본청,한국씨이에스(주)
15,출자기관,울산광역시,울주군,주식회사 울산복합도시개발
16,출자기관,대전광역시,본청,대전투자금융 주식회사
17,출자기관,세종특별자치시,본청,농업회사법인세종로컬푸드(주)
18,출자기관,세종특별자치시,본청,주식회사 세종스마트그린
19,출자기관,세종특별자치시,본청,세종벤처밸리산업단지 주식회사
20,출자기관,경기도,"본청,고양시",(주)킨텍스
21,출자기관,경기도,본청,코리아경기도주식회사
22,출자기관,경기도,용인시,경기용인테크노밸리(주)
23,출자기관,경기도,안산시,안산도시개발(주) 
24,출자기관,경기도,의정부시,의정부리듬시티(주)
25,출자기관,경기도,의정부시,의정부리듬시티자산관리(주)
26,출자기관,경기도,시흥시,(주)시흥매화산단개발
27,출자기관,경기도,파주시,(주)파주장단콩웰빙마루
28,출자기관,경기도,파주시,파주디엠지곤돌라(주)
29,출자기관,경기도,김포시,김포빅데이터(주)
30,출자기관,경기도,양주시,양주역세권개발피에프브이주식회사
31,출자기관,경기도,안성시,주식회사 안성테크노밸리
32,출자기관,경기도,여주시,푸르메여주팜 주식회사
33,출자기관,경기도,가평군,자나라인(주)
34,출자기관,경기도,오산시,오산운암뜰도시개발프로젝트금융투자 주식회사
35,출자기관,강원특별자치도,본청,(주)강원심층수
36,출자기관,강원특별자치도,본청,주식회사 강원중도개발공사
37,출자기관,강원특별자치도,본청,태백가덕산풍력발전 주식회사
38,출자기관,강원특별자치도,본청,주식회사 강원수출
39,출자기관,강원특별자치도,춘천시,춘천학곡도시개발(주)
40,출자기관,강원특별자치도,원주시,원주화훼특화관광단지개발(주)
41,출자기관,강원특별자치도,원주시,원주부론일반산업단지주식회사
42,출자기관,강원특별자치도,강릉시,(주)강릉농산물도매시장
43,출자기관,강원특별자치도,삼척시,(주)블랙밸리컨트리클럽
44,출자기관,강원특별자치도,영월군,(주)영월에너지스테이션
45,출자기관,강원특별자치도,인제군,(주)아름다운인제관광 
46,출자기관,충청북도,청주시,(주)청주테크노폴리스
47,출자기관,충청북도,청주시,주식회사 서오창테크노밸리
48,출자기관,충청북도,충주시,충주드림파크개발 주식회사
49,출자기관,충청북도,충주시,충주비즈코어시티 주식회사
50,출자기관,충청북도,충주시,법현일반산업단지 주식회사
51,출자기관,충청북도,음성군,성본산업단지 주식회사
52,출자기관,충청북도,음성군,음성용산일반산업단지 주식회사
53,출자기관,충청북도,음성군,제2생극산업단지 주식회사
54,출자기관,충청북도,진천군,진천테크노폴리스개발 주식회사
55,출자기관,충청북도,진천군,진천메가폴리스개발 주식회사
56,출자기관,충청남도,천안시,천안북부일반산업단지 주식회사
57,출자기관,충청남도,천안시,천안제6산단 주식회사
58,출자기관,충청남도,공주시,남공주산업단지개발 주식회사
59,출자기관,충청남도,아산시,주식회사 아산하이테크밸리
60,출자기관,충청남도,아산시,선장그린컴플렉스 주식회사
61,출자기관,충청남도,아산시,아산신창산업단지개발 주식회사
62,출자기관,충청남도,아산시,아산리더스밸리산업단지개발 주식회사
63,출자기관,충청남도,서산시,대산그린컴플렉스 주식회사 
64,출자기관,충청남도,서산시,대산3산업단지개발 주식회사
65,출자기관,충청남도,논산시,농업회사법인(주)동부팜
66,출자기관,전북특별자치도,군산시,군산시민발전주식회사
67,출자기관,전북특별자치도,익산시,익산엘이디협동화단지개발(주)
68,출자기관,전북특별자치도,완주군,완주테크노밸리(주)
69,출자기관,전북특별자치도,완주군,완주농공단지개발(주)
70,출자기관,전북특별자치도,임실군,임실고추앤농산물가공판매
71,출자기관,전북특별자치도,순창군,농업회사법인순창장류(주)
72,출자기관,전북특별자치도,순창군,농업회사법인한국절임(주)
73,출자기관,전북특별자치도,고창군,농업회사법인 고창황토배기유통(주)
74,출자기관,전라남도,순천시,순천로컬푸드주식회사
75,출자기관,전라남도,고흥군,농업회사법인고흥군유통(주)
76,출자기관,전라남도,영광군,(주)탑글로리
77,출자기관,전라남도,영광군,농업회사법인영광군유통(주) 
78,출자기관,전라남도,완도군,완도전복(주)
79,출자기관,전라남도,완도군,화신산업개발(주)
80,출자기관,전라남도,진도군,(주)진도청정푸드밸리
81,출자기관,전라남도,신안군,1004섬요트관광 주식회사
82,출자기관,전라남도,순천시,농업회사법인 순천만가든마켓 주식회사
83,출자기관,경상북도,본청,경북통상(주)
84,출자기관,경상북도,경주시,신경주역세권공영개발(주)
85,출자기관,경상북도,경주시,신경주지역개발(주) 
86,출자기관,경상북도,울진군,(주)울진유통농업회사법인
87,출자기관,경상북도,울릉군,주식회사 울릉샘물
88,출자기관,경상북도,문경시,문경관광개발주식회사
89,출자기관,경상남도,본청,(주)경남무역 
90,출자기관,경상남도,창원시,마산해양신도시(주)
91,출자기관,경상남도,창원시,평성인더스트리아주식회사
92,출자기관,경상남도,창원시,덕산일반산업단지(주)
93,출자기관,경상남도,창원시,창원자족형복합행정타운 주식회사
94,출자기관,경상남도,진주시,진주뿌리산단개발(주)
95,출자기관,경상남도,사천시,사천아이씨도시개발주식회사
96,출자기관,경상남도,김해시,(주)김해테크노밸리
97,출자기관,경상남도,김해시,김해대동첨단산업단지(주)
98,출자기관,경상남도,밀양시,밀양물산 주식회사
99,출자기관,경상남도,거제시,빅아일랜드인거제피에프브이(주)
100,출자기관,경상남도,의령군,농업회사법인의령군토요애유통(주) 
101,출자기관,경상남도,창녕군,영남일반산업단지주식회사
102,출자기관,경상남도,합천군,농업회사법인합천유통(주)
103,출자기관,제주특별자치도,본청,(주)제주국제컨벤션센터 
104,출연기관,서울특별시,본청,서울의료원 
105,출연기관,서울특별시,본청,서울연구원 
106,출연기관,서울특별시,본청,재단법인 서울경제진흥원
107,출연기관,서울특별시,본청,서울신용보증재단 
108,출연기관,서울특별시,본청,세종문화회관 
109,출연기관,서울특별시,본청,서울시여성가족재단 
110,출연기관,서울특별시,본청,서울시복지재단 
111,출연기관,서울특별시,본청,서울문화재단  
112,출연기관,서울특별시,본청,서울시립교향악단 
113,출연기관,서울특별시,본청,서울디자인재단 
114,출연기관,서울특별시,본청,서울장학재단 
115,출연기관,서울특별시,본청,서울특별시평생교육진흥원 
116,출연기관,서울특별시,본청,서울특별시50플러스재단 
117,출연기관,서울특별시,본청,재단법인 서울에이아이재단
118,출연기관,서울특별시,본청,120다산콜재단
119,출연기관,서울특별시,본청,서울관광재단
120,출연기관,서울특별시,본청,재단법인 서울투자진흥재단
121,출연기관,서울특별시,종로구,재단법인 종로문화재단 
122,출연기관,서울특별시,종로구,재단법인 종로복지재단
123,출연기관,서울특별시,중구,재단법인 중구문화재단 
124,출연기관,서울특별시,중구,재단법인 중구인재육성장학재단
125,출연기관,서울특별시,용산구,재단법인 용산복지재단
126,출연기관,서울특별시,용산구,재단법인 용산문화재단
127,출연기관,서울특별시,성동구,재단법인 성동문화재단 
128,출연기관,서울특별시,성동구,재단법인 성동구인재육성장학재단
129,출연기관,서울특별시,광진구,재단법인 광진문화재단
130,출연기관,서울특별시,광진구,재단법인 광진복지재단
131,출연기관,서울특별시,동대문구,동대문문화재단
132,출연기관,서울특별시,중랑구,재단법인 중랑문화재단
133,출연기관,서울특별시,성북구,성북문화재단 
134,출연기관,서울특별시,성북구,재단법인 성북복지재단
135,출연기관,서울특별시,강북구,강북구꿈나무키움장학재단
136,출연기관,서울특별시,강북구,강북문화재단
137,출연기관,서울특별시,도봉구,도봉문화재단
138,출연기관,서울특별시,노원구,노원교육복지재단
139,출연기관,서울특별시,노원구,노원환경재단
140,출연기관,서울특별시,노원구,재단법인 노원문화재단
141,출연기관,서울특별시,은평구,은평구민장학재단 
142,출연기관,서울특별시,은평구,은평문화재단
143,출연기관,서울특별시,마포구,마포문화재단 
144,출연기관,서울특별시,마포구,마포인재육성장학재단
145,출연기관,서울특별시,마포구,재단법인 마포복지재단
146,출연기관,서울특별시,양천구,양천사랑복지재단 
147,출연기관,서울특별시,양천구,재단법인 양천문화재단
148,출연기관,서울특별시,강서구,강서희망나눔복지재단 
149,출연기관,서울특별시,구로구,구로문화재단  
150,출연기관,서울특별시,구로구,구로희망복지재단  
151,출연기관,서울특별시,구로구,구로구장학회
152,출연기관,서울특별시,금천구,금천미래장학회
153,출연기관,서울특별시,금천구,금천문화재단
154,출연기관,서울특별시,영등포구,영등포문화재단 
155,출연기관,서울특별시,영등포구,재단법인 영등포구미래교육재단
156,출연기관,서울특별시,동작구,동작복지재단
157,출연기관,서울특별시,동작구,동작문화재단
158,출연기관,서울특별시,관악구,재단법인 관악문화재단
159,출연기관,서울특별시,관악구,재단법인 관악중소벤처진흥원
160,출연기관,서울특별시,서초구,서초다산장학재단  
161,출연기관,서울특별시,서초구,우면산내셔널트러스트
162,출연기관,서울특별시,서초구,서초문화재단
163,출연기관,서울특별시,서초구,재단법인 서초복지돌봄재단
164,출연기관,서울특별시,강남구,강남문화재단 
165,출연기관,서울특별시,강남구,강남복지재단 
166,출연기관,서울특별시,송파구,송파구인재육성장학재단
167,출연기관,서울특별시,송파구,재단법인 송파문화재단
168,출연기관,서울특별시,강동구,재단법인 강동문화재단
169,출연기관,부산광역시,본청,부산경제진흥원  
170,출연기관,부산광역시,본청,재단법인부산광역시글로벌도시재단
171,출연기관,부산광역시,본청,재단법인 부산디자인진흥원
172,출연기관,부산광역시,본청,부산문화재단  
173,출연기관,부산광역시,본청,재단법인 부산연구원
174,출연기관,부산광역시,본청,재단법인 부산광역시사회서비스원
175,출연기관,부산광역시,본청,부산신용보증재단  
176,출연기관,부산광역시,본청,부산여성가족과 평생교육진흥원
177,출연기관,부산광역시,본청,부산의료원  
178,출연기관,부산광역시,본청,부산정보산업진흥원  
179,출연기관,부산광역시,본청,부산테크노파크  
180,출연기관,부산광역시,본청,영화의전당  
181,출연기관,부산광역시,본청,재단법인 부산과학기술고등교육진흥원
182,출연기관,부산광역시,본청,부산문화회관
183,출연기관,부산광역시,본청,재단법인 부산기술창업투자원
184,출연기관,부산광역시,중구,중구장학회
185,출연기관,부산광역시,서구,부산서구장학회
186,출연기관,부산광역시,영도구,행복영도장학회
187,출연기관,부산광역시,부산진구,부산진구장학회
188,출연기관,부산광역시,부산진구,재단법인 부산진문화재단
189,출연기관,부산광역시,동래구,동래장학회
190,출연기관,부산광역시,남구,남구장학회
191,출연기관,부산광역시,남구,재단법인 부산남구문화재단
192,출연기관,부산광역시,북구,부산북구장학회
193,출연기관,부산광역시,금정구,금정문화재단
194,출연기관,부산광역시,강서구,부산강서구장학회
195,출연기관,부산광역시,연제구,재단법인 연제구상권활성화재단
196,출연기관,부산광역시,수영구,수영구장학재단
197,출연기관,부산광역시,사상구,부산사상구장학회
198,출연기관,대구광역시,본청,대구의료원  
199,출연기관,대구광역시,본청,대구신용보증재단  
200,출연기관,대구광역시,본청,대구테크노파크  
201,출연기관,대구광역시,본청,재단법인 대구디지털혁신진흥원
202,출연기관,대구광역시,본청,재단법인 대구문화예술진흥원
203,출연기관,대구광역시,본청,재단법인 대구정책연구원
204,출연기관,대구광역시,본청,대구광역시 행복진흥사회서비스원
205,출연기관,대구광역시,중구,대구중구도심재생문화재단 
206,출연기관,대구광역시,동구,재단법인 대구동구교육재단
207,출연기관,대구광역시,동구,동구문화재단
208,출연기관,대구광역시,서구,재단법인 서구인재육성재단
209,출연기관,대구광역시,북구,재단법인 대구광역시북구청소년교육진흥재단
210,출연기관,대구광역시,북구,행복북구문화재단
211,출연기관,대구광역시,수성구,수성문화재단
212,출연기관,대구광역시,수성구,재단법인 수성미래교육재단
213,출연기관,대구광역시,달서구,재단법인 달서인재육성장학재단
214,출연기관,대구광역시,달서구,달서문화재단
215,출연기관,대구광역시,달성군,재단법인 달성교육재단
216,출연기관,대구광역시,달성군,달성복지재단  
217,출연기관,대구광역시,달성군,달성문화재단
218,출연기관,대구광역시,군위군,재단법인 군위문화관광재단
219,출연기관,인천광역시,본청,인천광역시의료원  
220,출연기관,인천광역시,본청,인천연구원
221,출연기관,인천광역시,본청,인천신용보증재단  
222,출연기관,인천광역시,본청,재단법인 인천테크노파크
223,출연기관,인천광역시,본청,인천문화재단  
224,출연기관,인천광역시,본청,인천글로벌캠퍼스운영재단
225,출연기관,인천광역시,본청,재단법인 인천광역시 여성가족재단
226,출연기관,인천광역시,본청,재단법인 인천인재평생교육진흥원
227,출연기관,인천광역시,본청,재단법인 인천광역시 사회서비스원
228,출연기관,인천광역시,중구,중구월디장학회
229,출연기관,인천광역시,중구,재단법인 인천중구문화재단
230,출연기관,인천광역시,동구,인천동구장학재단
231,출연기관,인천광역시,연수구,재단법인 연수큰재장학재단
232,출연기관,인천광역시,연수구,재단법인 연수문화재단
233,출연기관,인천광역시,연수구,재단법인 연수구청소년재단
234,출연기관,인천광역시,부평구,인천광역시부평구문화재단
235,출연기관,인천광역시,계양구,인천광역시계양구인재양성장학교육재단
236,출연기관,인천광역시,서구,서동이장학회
237,출연기관,인천광역시,서구,서구문화재단
238,출연기관,인천광역시,서구,재단법인 인천서구복지재단
239,출연기관,인천광역시,강화군,재단법인 강화군복지재단
240,출연기관,인천광역시,남동구,재단법인 남동문화재단
241,출연기관,인천광역시,옹진군,재단법인 옹진복지재단
242,출연기관,인천광역시,옹진군,재단법인 옹진군인재육성재단
243,출연기관,광주광역시,본청,광주광역시 경제진흥상생일자리재단
244,출연기관,광주광역시,본청,재단법인 광주미래차모빌리티진흥원
245,출연기관,광주광역시,본청,광주광역시 기후에너지진흥원
246,출연기관,광주광역시,본청,재단법인 광주디자인진흥원
247,출연기관,광주광역시,본청,광주광역시광주문화재단  
248,출연기관,광주광역시,본청,광주신용보증재단  
249,출연기관,광주광역시,본청,재단법인 광주광역시 여성가족재단
250,출연기관,광주광역시,본청,재단법인 글로벌광주방송재단
251,출연기관,광주광역시,본청,광주정보문화산업진흥원  
252,출연기관,광주광역시,본청,광주테크노파크  
253,출연기관,광주광역시,본청,재단법인 광주광역시인재평생교육진흥원
254,출연기관,광주광역시,본청,재단법인 광주광역시 사회서비스원
255,출연기관,광주광역시,본청,재단법인 광주연구원
256,출연기관,광주광역시,광산구,광산장학회
257,출연기관,광주광역시,서구,광주서구장학재단
258,출연기관,광주광역시,동구,재단법인 광주광역시동구문화관광재단
259,출연기관,광주광역시,남구,광주남구로컬푸드센터
260,출연기관,대전광역시,본청,재단법인 대전일자리경제진흥원  
261,출연기관,대전광역시,본청,대전고암미술문화재단  
262,출연기관,대전광역시,본청,정보문화산업진흥원  
263,출연기관,대전광역시,본청,대전문화재단  
264,출연기관,대전광역시,본청,재단법인 대전연구원
265,출연기관,대전광역시,본청,재단법인 대전광역시 사회서비스원
266,출연기관,대전광역시,본청,대전신용보증재단  
267,출연기관,대전광역시,본청,재단법인 대전청년내일재단
268,출연기관,대전광역시,본청,대전테크노파크  
269,출연기관,대전광역시,본청,대전평생교육진흥원
270,출연기관,대전광역시,본청,재단법인 한국효문화진흥원
271,출연기관,대전광역시,본청,재단법인 대전디자인진흥원
272,출연기관,대전광역시,본청,재단법인 대전과학산업진흥원
273,출연기관,대전광역시,동구,동구차세대인재육성장학재단
274,출연기관,대전광역시,서구,서구인재육성장학재단 
275,출연기관,대전광역시,유성구,유성구행복누리재단
276,출연기관,대전광역시,대덕구,재단법인 대덕문화관광재단
277,출연기관,대전광역시,대덕구,재단법인 대덕경제재단
278,출연기관,울산광역시,본청,재단법인 울산경제일자리진흥원
279,출연기관,울산광역시,본청,재단법인 울산연구원
280,출연기관,울산광역시,본청,울산신용보증재단  
281,출연기관,울산광역시,본청,울산테크노파크  
282,출연기관,울산광역시,본청,재단법인 울산광역시 복지가족진흥사회서비스원
283,출연기관,울산광역시,본청,울산정보산업진흥원
284,출연기관,울산광역시,본청,재단법인 울산문화관광재단
285,출연기관,울산광역시,본청,재단법인 2028울산국제정원박람회조직위원회
286,출연기관,울산광역시,남구,고래문화재단  
287,출연기관,울산광역시,남구,울산광역시 남구장학재단
288,출연기관,울산광역시,북구,울산광역시북구교육진흥재단
289,출연기관,울산광역시,울주군,재단법인 울주문화재단
290,출연기관,울산광역시,울주군,재단법인 울주복지재단
291,출연기관,세종특별자치시,본청,세종신용보증재단
292,출연기관,세종특별자치시,본청,재단법인 세종시문화관광재단
293,출연기관,세종특별자치시,본청,재단법인 세종특별자치시 사회서비스원
294,출연기관,세종특별자치시,본청,재단법인 세종테크노파크
295,출연기관,세종특별자치시,본청,재단법인 세종일자리경제진흥원
296,출연기관,세종특별자치시,본청,재단법인 세종연구원
297,출연기관,경기도,본청,경기도평생교육진흥원  
298,출연기관,경기도,본청,경기도수원월드컵경기장관리재단  
299,출연기관,경기도,본청,재단법인 경기도 농수산진흥원
300,출연기관,경기도,본청,재단법인 경기도여성가족재단
301,출연기관,경기도,본청,재단법인 경기도미래세대재단
302,출연기관,경기도,본청,경기콘텐츠진흥원  
303,출연기관,경기도,본청,경기테크노파크  
304,출연기관,경기도,본청,경기대진테크노파크  
305,출연기관,경기도,본청,경기복지재단  
306,출연기관,경기도,본청,한국도자재단  
307,출연기관,경기도,본청,경기도경제과학진흥원
308,출연기관,경기도,본청,재단법인 경기아트센터
309,출연기관,경기도,본청,경기연구원  
310,출연기관,경기도,본청,경기신용보증재단  
311,출연기관,경기도,본청,경기문화재단
312,출연기관,경기도,본청,경기도의료원  
313,출연기관,경기도,본청,재단법인 경기도사회적경제원
314,출연기관,경기도,본청,경기도일자리재단  
315,출연기관,경기도,본청,차세대융합기술연구원
316,출연기관,경기도,본청,재단법인 경기도시장상권진흥원
317,출연기관,경기도,본청,재단법인 경기도사회서비스원
318,출연기관,경기도,본청,재단법인 경기환경에너지진흥원
319,출연기관,경기도,수원시,재단법인 수원시장학재단
320,출연기관,경기도,수원시,수원시국제교류센터  
321,출연기관,경기도,수원시,수원FC  
322,출연기관,경기도,수원시,수원시정연구원  
323,출연기관,경기도,수원시,재단법인 수원시청소년청년재단
324,출연기관,경기도,수원시,수원문화재단  
325,출연기관,경기도,수원시,재단법인 수원도시재단
326,출연기관,경기도,수원시,재단법인 수원컨벤션센터
327,출연기관,경기도,고양시,재단법인 고양산업진흥원
328,출연기관,경기도,고양시,재단법인 고양국제박람회재단
329,출연기관,경기도,고양시,고양문화재단
330,출연기관,경기도,고양시,고양시청소년재단
331,출연기관,경기도,고양시,재단법인 고양연구원
332,출연기관,경기도,성남시,재단법인 성남시장학회
333,출연기관,경기도,성남시,재단법인 성남산업진흥원
334,출연기관,경기도,성남시,성남문화재단  
335,출연기관,경기도,성남시,재단법인 성남시청소년청년재단
336,출연기관,경기도,성남시,성남시상권활성화재단  
337,출연기관,경기도,성남시,성남시의료원 
338,출연기관,경기도,성남시,재단법인 성남시정연구원
339,출연기관,경기도,용인시,재단법인 용인시장학재단
340,출연기관,경기도,용인시,재단법인 용인시산업진흥원
341,출연기관,경기도,용인시,용인시자원봉사센터  
342,출연기관,경기도,용인시,재단법인 용인시시민프로축구단
343,출연기관,경기도,용인시,용인문화재단  
344,출연기관,경기도,용인시,용인시청소년미래재단
345,출연기관,경기도,용인시,용인시정연구원
346,출연기관,경기도,부천시,재단법인 부천산업진흥원 
347,출연기관,경기도,부천시,부천문화재단  
348,출연기관,경기도,부천시,한국만화영상진흥원  
349,출연기관,경기도,부천시,부천장학재단  
350,출연기관,경기도,부천시,부천시여성청소년재단
351,출연기관,경기도,부천시,재단법인 부천아트센터
352,출연기관,경기도,부천시,재단법인 부천시정연구원
353,출연기관,경기도,안산시,안산환경재단  
354,출연기관,경기도,안산시,재단법인 안산시청소년재단
355,출연기관,경기도,안산시,안산문화재단  
356,출연기관,경기도,안산시,안산인재육성재단
357,출연기관,경기도,안산시,재단법인 안산시 상권활성화재단
358,출연기관,경기도,안산시,재단법인 안산미래연구원
359,출연기관,경기도,남양주시,재단법인 남양주시복지재단
360,출연기관,경기도,남양주시,남양주시정연구원
361,출연기관,경기도,남양주시,재단법인 남양주문화재단
362,출연기관,경기도,안양시,재단법인 안양산업진흥원
363,출연기관,경기도,안양시,재단법인 안양시 인재육성재단
364,출연기관,경기도,안양시,안양문화예술재단  
365,출연기관,경기도,안양시,안양시청소년재단
366,출연기관,경기도,안양시,안양시민프로축구단
367,출연기관,경기도,"안양시,군포시,의왕시,과천시",재단법인 안양 군포 의왕 과천 공동급식지원센터
368,출연기관,경기도,화성시,화성시인재육성재단  
369,출연기관,경기도,화성시,화성시문화관광재단
370,출연기관,경기도,화성시,재단법인화성푸드통합지원센터
371,출연기관,경기도,화성시,재단법인 화성시여성가족청소년재단
372,출연기관,경기도,화성시,재단법인 화성시사회복지재단
373,출연기관,경기도,화성시,재단법인 화성시 환경재단
374,출연기관,경기도,화성시,재단법인 화성산업진흥원
375,출연기관,경기도,화성시,재단법인 화성에프씨 
376,출연기관,경기도,화성시,재단법인 화성시연구원
377,출연기관,경기도,평택시,평택복지재단  
378,출연기관,경기도,평택시,평택시청소년재단  
379,출연기관,경기도,평택시,재단법인 평택시장학재단
380,출연기관,경기도,평택시,평택시국제교류재단
381,출연기관,경기도,평택시,재단법인 평택시문화재단
382,출연기관,경기도,평택시,재단법인 평택시로컬푸드재단
383,출연기관,경기도,평택시,평택산업진흥원
384,출연기관,경기도,의정부시,의정부시민장학회  
385,출연기관,경기도,의정부시,재단법인 의정부문화재단
386,출연기관,경기도,의정부시,재단법인 의정부도시교육재단
387,출연기관,경기도,시흥시,재단법인 시흥시인재양성재단
388,출연기관,경기도,시흥시,시흥산업진흥원 
389,출연기관,경기도,시흥시,시흥도시재생지원센터
390,출연기관,경기도,시흥시,재단법인 시흥시청소년청년재단
391,출연기관,경기도,시흥시,재단법인 시흥시정연구원
392,출연기관,경기도,파주시,파주시행복장학회
393,출연기관,경기도,파주시,재단법인 파주시청소년재단
394,출연기관,경기도,파주시,재단법인 파주문화재단
395,출연기관,경기도,김포시,김포시민장학회  
396,출연기관,경기도,김포시,김포복지재단  
397,출연기관,경기도,김포시,재단법인 김포시청소년재단
398,출연기관,경기도,김포시,김포문화재단
399,출연기관,경기도,김포시,재단법인 김포산업지원센터
400,출연기관,경기도,김포시,재단법인 김포에프씨
401,출연기관,경기도,광명시,광명시인재육성재단  
402,출연기관,경기도,광명시,광명시자원봉사센터
403,출연기관,경기도,광명시,광명문화재단
404,출연기관,경기도,광명시,광명시청소년재단
405,출연기관,경기도,광주시,광주시민장학회
406,출연기관,경기도,광주시,재단법인 광주시문화재단
407,출연기관,경기도,군포시,군포사랑장학회  
408,출연기관,경기도,군포시,군포문화재단 
409,출연기관,경기도,군포시,군포산업진흥원
410,출연기관,경기도,군포시,재단법인 군포시청소년재단
411,출연기관,경기도,오산시,오산문화재단  
412,출연기관,경기도,오산시,오산교육재단
413,출연기관,경기도,이천시,재단법인 이천시청소년재단
414,출연기관,경기도,이천시,재단법인 이천시자원봉사센터
415,출연기관,경기도,이천시,재단법인 이천문화재단
416,출연기관,경기도,양주시,양주시희망장학재단
417,출연기관,경기도,안성시,안성시민장학회
418,출연기관,경기도,안성시,재단법인 안성산업진흥원
419,출연기관,경기도,구리시,재단법인 구리시청소년재단
420,출연기관,경기도,구리시,재단법인 구리시상권활성화재단
421,출연기관,경기도,구리시,재단법인 구리문화재단
422,출연기관,경기도,포천시,재단법인 포천시 농업재단
423,출연기관,경기도,포천시,재단법인 포천문화관광재단
424,출연기관,경기도,포천시,재단법인 포천시청소년재단
425,출연기관,경기도,의왕시,의왕시인재육성재단
426,출연기관,경기도,의왕시,재단법인 의왕시청소년재단
427,출연기관,경기도,하남시,재단법인 하남교육재단
428,출연기관,경기도,하남시,하남문화재단  
429,출연기관,경기도,하남시,하남시자원봉사센터
430,출연기관,경기도,여주시,여주시인재육성장학회
431,출연기관,경기도,여주시,재단법인 여주세종문화관광재단
432,출연기관,경기도,양평군,양평군교육발전위원회  
433,출연기관,경기도,양평군,세미원
434,출연기관,경기도,양평군,재단법인양평문화재단
435,출연기관,경기도,과천시,과천시애향장학회
436,출연기관,경기도,과천시,재단법인 과천시청소년재단
437,출연기관,경기도,과천시,재단법인 과천문화재단
438,출연기관,경기도,가평군,가평군복지재단
439,출연기관,경기도,가평군,재단법인 가평군 인재육성재단
440,출연기관,경기도,연천군,연천군청소년육성재단
441,출연기관,강원특별자치도,본청,강원신용보증재단  
442,출연기관,강원특별자치도,본청,강원문화재단  
443,출연기관,강원특별자치도,본청,재단법인 강원특별자치도경제진흥원  
444,출연기관,강원특별자치도,본청,재단법인 강원인재원
445,출연기관,강원특별자치도,본청,한국기후변화연구원
446,출연기관,강원특별자치도,본청,스크립스코리아항체연구원  
447,출연기관,강원특별자치도,본청,한국여성수련원  
448,출연기관,강원특별자치도,본청,강원연구원
449,출연기관,강원특별자치도,본청,강원테크노파크  
450,출연기관,강원특별자치도,본청,강원특별자치도원주의료원  
451,출연기관,강원특별자치도,본청,강원특별자치도강릉의료원  
452,출연기관,강원특별자치도,본청,강원특별자치도속초의료원  
453,출연기관,강원특별자치도,본청,강원특별자치도삼척의료원  
454,출연기관,강원특별자치도,본청,강원특별자치도영월의료원  
455,출연기관,강원특별자치도,본청,재단법인 강원디자인진흥원
456,출연기관,강원특별자치도,본청,재단법인 강원혁신도시발전지원센터
457,출연기관,강원특별자치도,본청,재단법인 강원역사문화연구원
458,출연기관,강원특별자치도,본청,재단법인 2018평창기념재단
459,출연기관,강원특별자치도,본청,재단법인 강원특별자치도 사회서비스원
460,출연기관,강원특별자치도,본청,재단법인 강원관광재단
461,출연기관,강원특별자치도,춘천시,재단법인 춘천문화재단
462,출연기관,강원특별자치도,춘천시,재단법인 강원정보문화산업진흥원
463,출연기관,강원특별자치도,춘천시,춘천바이오산업진흥원  
464,출연기관,강원특별자치도,춘천시,재단법인 춘천레저태권도조직위원회
465,출연기관,강원특별자치도,춘천시,재단법인 춘천인재육성장학재단
466,출연기관,강원특별자치도,춘천시,재단법인 춘천지역먹거리통합지원센터
467,출연기관,강원특별자치도,춘천시,재단법인 춘천시 주민자치지원센터
468,출연기관,강원특별자치도,춘천시,재단법인 춘천미래동행재단
469,출연기관,강원특별자치도,원주시,원주문화재단  
470,출연기관,강원특별자치도,원주시,재단법인 원주의료기기산업진흥원
471,출연기관,강원특별자치도,원주시,재단법인 원주미래산업진흥원
472,출연기관,강원특별자치도,강릉시,강릉과학산업진흥원  
473,출연기관,강원특별자치도,강릉시,강릉문화재단
474,출연기관,강원특별자치도,강릉시,재단법인 강릉시 미래인재육성재단
475,출연기관,강원특별자치도,강릉시,재단법인 강릉시민축구단
476,출연기관,강원특별자치도,강릉시,재단법인 율곡국학진흥원
477,출연기관,강원특별자치도,동해시,북방물류산업진흥원
478,출연기관,강원특별자치도,동해시,재단법인 동해시민장학재단
479,출연기관,강원특별자치도,태백시,태백시복지재단  
480,출연기관,강원특별자치도,태백시,태백시민향토장학회
481,출연기관,강원특별자치도,태백시,재단법인 태백시문화재단
482,출연기관,강원특별자치도,속초시,재단법인 속초문화관광재단
483,출연기관,강원특별자치도,삼척시,재단법인 삼척향토장학재단  
484,출연기관,강원특별자치도,삼척시,삼척시도계장학재단  
485,출연기관,강원특별자치도,삼척시,원덕읍향토장학회
486,출연기관,강원특별자치도,삼척시,재단법인 삼척관광문화재단
487,출연기관,강원특별자치도,홍천군,홍천메디칼허브연구소  
488,출연기관,강원특별자치도,홍천군,홍천문화재단 
489,출연기관,강원특별자치도,횡성군,횡성인재육성장학회 
490,출연기관,강원특별자치도,횡성군,재단법인 횡성문화관광재단
491,출연기관,강원특별자치도,영월군,영월장학회  
492,출연기관,강원특별자치도,영월군,재단법인 영월산업진흥원
493,출연기관,강원특별자치도,영월군,재단법인 영월문화관광재단
494,출연기관,강원특별자치도,평창군,재단법인 평창인재육성장학재단
495,출연기관,강원특별자치도,평창군,재단법인 평창유산재단
496,출연기관,강원특별자치도,평창군,재단법인 평창관광문화재단
497,출연기관,강원특별자치도,정선군,정선장학회  
498,출연기관,강원특별자치도,정선군,정선아리랑문화재단
499,출연기관,강원특별자치도,정선군,재단법인 정선군상권활성화재단
500,출연기관,강원특별자치도,정선군,재단법인 정선의료재단
501,출연기관,강원특별자치도,철원군,철원플라즈마산업기술연구원 
502,출연기관,강원특별자치도,철원군,철원장학회
503,출연기관,강원특별자치도,철원군,재단법인 철원문화재단
504,출연기관,강원특별자치도,화천군,나라  
505,출연기관,강원특별자치도,화천군,화천군인재육성재단 
506,출연기관,강원특별자치도,화천군,재단법인 화천한옥학교
507,출연기관,강원특별자치도,화천군,재단법인 화천군청정산업진흥재단
508,출연기관,강원특별자치도,양구군,재단법인 양구문화재단
509,출연기관,강원특별자치도,양구군,재단법인 양구군스포츠재단
510,출연기관,강원특별자치도,인제군,인제군문화재단
511,출연기관,강원특별자치도,고성군,고성향토장학회
512,출연기관,강원특별자치도,고성군,재단법인 고성문화재단
513,출연기관,강원특별자치도,고성군,재단법인 해양심층수산업 고성진흥원
514,출연기관,강원특별자치도,양양군,양양군인재육성장학회
515,출연기관,강원특별자치도,양양군,재단법인 양양문화재단
516,출연기관,강원특별자치도,평창군,재단법인 평창푸드통합지원센터
517,출연기관,강원특별자치도,동해시,동해문화관광재단
518,출연기관,충청북도,본청,충북문화재단  
519,출연기관,충청북도,본청,재단법인 충청북도역사문화연구원
520,출연기관,충청북도,본청,충북연구원
521,출연기관,충청북도,본청,충북신용보증재단  
522,출연기관,충청북도,본청,재단법인 충북인재평생교육진흥원
523,출연기관,충청북도,본청,충청북도기업진흥원
524,출연기관,충청북도,본청,재단법인 충북과학기술혁신원
525,출연기관,충청북도,본청,충청북도 청주의료원  
526,출연기관,충청북도,본청,충청북도 충주의료원  
527,출연기관,충청북도,본청,충북학사
528,출연기관,충청북도,본청,충북여성재단
529,출연기관,충청북도,본청,충북테크노파크
530,출연기관,충청북도,본청,재단법인오송바이오진흥재단
531,출연기관,충청북도,본청,충청북도사회서비스원
532,출연기관,충청북도,청주시,청주시문화산업진흥재단  
533,출연기관,충청북도,청주시,청주복지재단  
534,출연기관,충청북도,청주시,재단법인 청주시정연구원
535,출연기관,충청북도,청주시,재단법인 청주시활성화재단
536,출연기관,충청북도,충주시,재단법인 충주문화관광재단
537,출연기관,충청북도,충주시,충주시장학회
538,출연기관,충청북도,제천시,제천시인재육성재단  
539,출연기관,충청북도,제천시,재단법인 제천한방천연물산업진흥재단
540,출연기관,충청북도,제천시,재단법인 제천문화재단
541,출연기관,충청북도,제천시,재단법인 제천복지재단
542,출연기관,충청북도,보은군,보은군민장학회
543,출연기관,충청북도,옥천군,옥천군장학회
544,출연기관,충청북도,영동군,영동군민장학회
545,출연기관,충청북도,영동군,재단법인 영동군 문화관광재단
546,출연기관,충청북도,증평군,증평군민장학회  
547,출연기관,충청북도,증평군,증평복지재단
548,출연기관,충청북도,진천군,진천군장학회
549,출연기관,충청북도,진천군,재단법인 생거진천문화재단
550,출연기관,충청북도,괴산군,괴산군민장학회  
551,출연기관,충청북도,괴산군,재단법인 괴산군문화예술체육진흥재단
552,출연기관,충청북도,음성군,음성장학회
553,출연기관,충청북도,단양군,단양장학회  
554,출연기관,충청북도,단양군,한국석회석신소재연구재단 
555,출연기관,충청남도,본청,충남연구원
556,출연기관,충청남도,본청,충남역사문화연구원  
557,출연기관,충청남도,본청,재단법인 충남경제진흥원
558,출연기관,충청남도,본청,재단법인 충남콘텐츠진흥원
559,출연기관,충청남도,본청,충남신용보증재단  
560,출연기관,충청남도,본청,재단법인 충남문화관광재단
561,출연기관,충청남도,본청,재단법인 충남평생교육진흥원
562,출연기관,충청남도,본청,천안의료원  
563,출연기관,충청남도,본청,공주의료원  
564,출연기관,충청남도,본청,서산의료원  
565,출연기관,충청남도,본청,홍성의료원  
566,출연기관,충청남도,본청,충남테크노파크  
567,출연기관,충청남도,본청,충남사회서비스원
568,출연기관,충청남도,본청,재단법인 한국유교문화진흥원
569,출연기관,충청남도,천안시,천안사랑장학재단
570,출연기관,충청남도,천안시,재단법인 천안시민프로축구단
571,출연기관,충청남도,천안시,천안문화재단  
572,출연기관,충청남도,천안시,천안복지재단
573,출연기관,충청남도,천안시,재단법인 천안과학산업진흥원
574,출연기관,충청남도,천안시,재단법인 천안시청소년재단
575,출연기관,충청남도,공주시,공주시한마음장학회 
576,출연기관,충청남도,공주시,재단법인 공주문화관광재단
577,출연기관,충청남도,보령시,만세보령장학회  
578,출연기관,충청남도,보령시,보령축제관광재단
579,출연기관,충청남도,아산시,재단법인 아산시먹거리재단  
580,출연기관,충청남도,아산시,아산문화재단  
581,출연기관,충청남도,아산시,아산시미래장학회
582,출연기관,충청남도,아산시,재단법인 아산시청소년재단
583,출연기관,충청남도,아산시,재단법인 헬스케어스파산업진흥원
584,출연기관,충청남도,서산시,서산시복지재단  
585,출연기관,충청남도,서산시,서산인재육성재단
586,출연기관,충청남도,서산시,재단법인 서산문화재단
587,출연기관,충청남도,논산시,논산시장학회
588,출연기관,충청남도,논산시,재단법인 논산시청소년청년재단
589,출연기관,충청남도,계룡시,재단법인 계룡시 문화관광재단
590,출연기관,충청남도,계룡시,계룡시애향장학회
591,출연기관,충청남도,당진시,당진문화재단  
592,출연기관,충청남도,당진시,당진시복지재단  
593,출연기관,충청남도,당진시,당진장학회
594,출연기관,충청남도,당진시,재단법인 당진시청소년재단
595,출연기관,충청남도,금산군,금산교육사랑장학재단  
596,출연기관,충청남도,금산군,재단법인 금산인삼약초산업진흥원
597,출연기관,충청남도,금산군,재단법인 금산문화관광축제재단
598,출연기관,충청남도,부여군,부여군굿뜨래장학회  
599,출연기관,충청남도,부여군,재단법인 백제문화재단
600,출연기관,충청남도,부여군,재단법인 부여군지역공동체활성화재단
601,출연기관,충청남도,서천군,재단법인 서천군지속가능지역재단
602,출연기관,충청남도,서천군,재단법인 서천문화관광재단
603,출연기관,충청남도,청양군,청양사랑인재육성장학회
604,출연기관,충청남도,청양군,재단법인 청양군 지역활성화재단
605,출연기관,충청남도,청양군,재단법인 청양군청소년재단
606,출연기관,충청남도,홍성군,홍성사랑장학회  
607,출연기관,충청남도,홍성군,재단법인 홍주문화관광재단
608,출연기관,충청남도,홍성군,홍성군청소년복지재단
609,출연기관,충청남도,예산군,예산군청소년복지재단  
610,출연기관,충청남도,예산군,예산사랑장학회
611,출연기관,충청남도,태안군,태안군사랑장학회
612,출연기관,충청남도,논산시,재단법인 논산문화관광재단
613,출연기관,전북특별자치도,본청,전북연구원  
614,출연기관,전북특별자치도,본청,재단법인 전북특별자치도평생교육장학진흥원
615,출연기관,전북특별자치도,본청,전북신용보증재단  
616,출연기관,전북특별자치도,본청,재단법인 전북특별자치도경제통상진흥원
617,출연기관,전북특별자치도,본청,전북테크노파크  
618,출연기관,전북특별자치도,본청,자동차융합기술원
619,출연기관,전북특별자치도,본청,에코융합섬유연구원  
620,출연기관,전북특별자치도,본청,재단법인 전북여성가족재단
621,출연기관,전북특별자치도,본청,재단법인 전북바이오융합산업진흥원
622,출연기관,전북특별자치도,본청,전북특별자치도 남원의료원
623,출연기관,전북특별자치도,본청,전북특별자치도 군산의료원
624,출연기관,전북특별자치도,본청,재단법인 전북국제협력진흥원
625,출연기관,전북특별자치도,본청,재단법인 전북특별자치도문화관광재단
626,출연기관,전북특별자치도,본청,재단법인 전북특별자치도콘텐츠융합진흥원
627,출연기관,전북특별자치도,전주시,전주인재육성재단  
628,출연기관,전북특별자치도,전주시,전주정보문화산업진흥원  
629,출연기관,전북특별자치도,전주시,재단법인 전주관광재단
630,출연기관,전북특별자치도,전주시,전주문화재단  
631,출연기관,전북특별자치도,전주시,전주농생명소재연구원  
632,출연기관,전북특별자치도,전주시,전주푸드통합지원센터
633,출연기관,전북특별자치도,전주시,전주시복지재단전주사람
634,출연기관,전북특별자치도,전주시,재단법인 전주시정연구원
635,출연기관,전북특별자치도,군산시,군산교육발전진흥재단
636,출연기관,전북특별자치도,군산시,재단법인 군산시상권활성화재단
637,출연기관,전북특별자치도,군산시,재단법인 군산먹거리통합지원센터
638,출연기관,전북특별자치도,군산시,재단법인 군산문화관광재단
639,출연기관,전북특별자치도,익산시,익산문화관광재단  
640,출연기관,전북특별자치도,익산시,익산사랑장학재단
641,출연기관,전북특별자치도,익산시,재단법인 익산푸드통합지원센터
642,출연기관,전북특별자치도,정읍시,정읍시민장학재단
643,출연기관,전북특별자치도,남원시,춘향장학재단  
644,출연기관,전북특별자치도,남원시,재단법인 남원시바이오산업연구원
645,출연기관,전북특별자치도,김제시,김제사랑장학재단
646,출연기관,전북특별자치도,김제시,재단법인 김제지평선먹거리통합지원센터
647,출연기관,전북특별자치도,완주군,완주군인재육성재단  
648,출연기관,전북특별자치도,완주군,재단법인 완주공공급식지원센터
649,출연기관,전북특별자치도,완주군,완주문화재단 
650,출연기관,전북특별자치도,진안군,진안홍삼연구소  
651,출연기관,전북특별자치도,진안군,진안사랑장학재단  
652,출연기관,전북특별자치도,진안군,진안군의료원
653,출연기관,전북특별자치도,무주군,무주군교육발전장학재단
654,출연기관,전북특별자치도,장수군,장수군애향교육진흥재단
655,출연기관,전북특별자치도,임실군,임실군애향장학회  
656,출연기관,전북특별자치도,임실군,임실치즈앤식품연구소  
657,출연기관,전북특별자치도,임실군,임실치즈테마파크
658,출연기관,전북특별자치도,순창군,순창군옥천장학회  
659,출연기관,전북특별자치도,순창군,발효미생물산업진흥원  
660,출연기관,전북특별자치도,순창군,재단법인 순창발효관광재단
661,출연기관,전북특별자치도,고창군,고창군장학재단  
662,출연기관,전북특별자치도,고창군,재단법인 고창식품산업연구원
663,출연기관,전북특별자치도,고창군,재단법인 고창문화관광재단
664,출연기관,전북특별자치도,부안군,재단법인 부안군문화재단
665,출연기관,전북특별자치도,부안군,재단법인 부안군근농인재육성재단
666,출연기관,전북특별자치도,본청,재단법인 전북특별자치도 사회서비스원
667,출연기관,전라남도,본청,전라남도순천의료원  
668,출연기관,전라남도,본청,재단법인 남도장터
669,출연기관,전라남도,본청,재단법인 전남연구원
670,출연기관,전라남도,본청,재단법인 한국학 호남진흥원
671,출연기관,전라남도,본청,전라남도강진의료원  
672,출연기관,전라남도,본청,전남신용보증재단  
673,출연기관,전라남도,본청,재단법인 전남바이오산업진흥원
674,출연기관,전라남도,본청,전남테크노파크  
675,출연기관,전라남도,본청,재단법인 전라남도중소기업진흥원
676,출연기관,전라남도,본청,전남정보문화산업진흥원  
677,출연기관,전라남도,본청,명량대첩기념사업회  
678,출연기관,전라남도,본청,재단법인 전남여성가족재단
679,출연기관,전라남도,본청,재단법인 전남인재평생교육진흥원
680,출연기관,전라남도,본청,전라남도청소년미래재단  
681,출연기관,전라남도,본청,재단법인 전라남도문화재단
682,출연기관,전라남도,본청,녹색에너지연구원  
683,출연기관,전라남도,본청,포뮬러원국제자동차경주대회조직위원회  
684,출연기관,전라남도,본청,전라남도국제농업박람회
685,출연기관,전라남도,본청,전라남도 환경산업진흥원  
686,출연기관,전라남도,본청,전라남도세계친환경디자인박람회조직위원회
687,출연기관,전라남도,본청,재단법인 남도음식문화큰잔치
688,출연기관,전라남도,본청,남도장학회
689,출연기관,전라남도,본청,재단법인 전라남도관광재단
690,출연기관,전라남도,본청,재단법인 전라남도사회서비스원
691,출연기관,전라남도,목포시,목포시의료원  
692,출연기관,전라남도,목포시,목포복지재단  
693,출연기관,전라남도,목포시,재단법인 목포인재육성재단
694,출연기관,전라남도,목포시,목포문화재단  
695,출연기관,전라남도,목포시,김대중노벨평화상기념관  
696,출연기관,전라남도,목포시,목포국제축구센터  
697,출연기관,전라남도,목포시,목포수산물유통센터  
698,출연기관,전라남도,목포시,목포수산식품지원센터
699,출연기관,전라남도,여수시,재단법인 2026여수세계섬박람회 조직위원회
700,출연기관,전라남도,순천시,순천시인재육성장학회재단  
701,출연기관,전라남도,순천시,재단법인 순천바이오헬스케어연구센터
702,출연기관,전라남도,순천시,재단법인 순천문화재단
703,출연기관,전라남도,순천시,재단법인 남해안권발효식품산업지원센터
704,출연기관,전라남도,나주시,나주교육진흥재단  
705,출연기관,전라남도,나주시,나주시천연염색문화재단  
706,출연기관,전라남도,나주시,나주시농업농촌융복합산업진흥재단
707,출연기관,전라남도,나주시,재단법인 나주시문화재단
708,출연기관,전라남도,광양시,백운장학회  
709,출연기관,전라남도,광양시,사랑나눔복지재단
710,출연기관,전라남도,광양시,광양시어린이보육재단
711,출연기관,전라남도,담양군,담양장학회  
712,출연기관,전라남도,담양군,담양군문화재단  
713,출연기관,전라남도,담양군,담양군복지재단
714,출연기관,전라남도,곡성군,재단법인 곡성군미래교육재단
715,출연기관,전라남도,보성군,보성군장학재단
716,출연기관,전라남도,화순군,화순장학회
717,출연기관,전라남도,화순군,재단법인 화순군문화관광재단
718,출연기관,전라남도,장흥군,장흥군버섯산업연구원  
719,출연기관,전라남도,장흥군,장흥군인재육성장학회  
720,출연기관,전라남도,장흥군,재단법인 장흥군나눔복지재단
721,출연기관,전라남도,장흥군,재단법인 장흥축제관광재단
722,출연기관,전라남도,강진군,강진군민장학재단  
723,출연기관,전라남도,강진군,강진문화관광재단
724,출연기관,전라남도,해남군,재단법인 해남먹거리통합지원센터
725,출연기관,전라남도,영암군,영암군문화재단 
726,출연기관,전라남도,영암군,재단법인 영암군미래교육재단
727,출연기관,전라남도,무안군,무안군승달장학회
728,출연기관,전라남도,무안군,재단법인 무안황토건축문화재단
729,출연기관,전라남도,함평군,재단법인 함평축제관광재단
730,출연기관,전라남도,영광군,재단법인 영광군미래교육재단
731,출연기관,전라남도,장성군,장성장학회
732,출연기관,전라남도,장성군,장성먹거리통합지원센터
733,출연기관,전라남도,완도군,장보고장학회  
734,출연기관,전라남도,완도군,완도해조류박람회조직위원회
735,출연기관,전라남도,완도군,완도군행복복지재단
736,출연기관,전라남도,진도군,진도군인재육성장학회
737,출연기관,전라남도,진도군,재단법인 진도군상권활성화재단
738,출연기관,전라남도,신안군, 신안군복지재단   
739,출연기관,전라남도,신안군,신안군장학재단
740,출연기관,전라남도,신안군,재단법인 예술섬
741,출연기관,전라남도,신안군,재단법인 신안신재생에너지재단
742,출연기관,전라남도,신안군,재단법인 신안교통재단
743,출연기관,전라남도,해남군,재단법인 해남군 교육재단
744,출연기관,전라남도,해남군,재단법인 해남문화관광재단
745,출연기관,전라남도,목포시,재단법인 목포수산식품수출센터
746,출연기관,경상북도,본청,경상북도포항의료원  
747,출연기관,경상북도,본청,경상북도김천의료원  
748,출연기관,경상북도,본청,경상북도안동의료원  
749,출연기관,경상북도,본청,경북테크노파크  
750,출연기관,경상북도,본청,경북바이오산업연구원  
751,출연기관,경상북도,본청,경상북도경제진흥원  
752,출연기관,경상북도,본청,경북신용보증재단  
753,출연기관,경상북도,본청,한국국학진흥원  
754,출연기관,경상북도,본청,경북문화재단
755,출연기관,경상북도,본청,경상북도환경연수원  
756,출연기관,경상북도,본청,경북행복재단  
757,출연기관,경상북도,본청,경북여성정책개발원  
758,출연기관,경상북도,본청,재단법인 경상북도인재평생교육재단
759,출연기관,경상북도,본청,재단법인 독도재단  
760,출연기관,경상북도,본청,경상북도 농식품유통교육진흥원  
761,출연기관,경상북도,본청,재단법인 새마을재단
762,출연기관,경상북도,본청,재단법인 경상북도호국보훈재단
763,출연기관,경상북도,본청,재단법인 경북연구원
764,출연기관,경상북도,포항시,재단법인 포항소재산업진흥원
765,출연기관,경상북도,포항시,포항테크노파크  
766,출연기관,경상북도,포항시,포항시장학회
767,출연기관,경상북도,포항시,포항문화재단
768,출연기관,경상북도,포항시,포항시청소년재단
769,출연기관,경상북도,포항시,재단법인 포항국제전시컨벤션센터
770,출연기관,경상북도,경주시,신라문화유산연구원  
771,출연기관,경상북도,경주시,경주문화재단  
772,출연기관,경상북도,경주시,경주시장학회  
773,출연기관,경상북도,경주시,경주화백컨벤션센터
774,출연기관,경상북도,경주시,경주스마트미디어센터
775,출연기관,경상북도,김천시,김천시인재양성재단
776,출연기관,경상북도,김천시,김천복지재단
777,출연기관,경상북도,안동시,안동시장학회  
778,출연기관,경상북도,안동시,안동시한국정신문화재단 
779,출연기관,경상북도,구미시,구미전자정보기술원  
780,출연기관,경상북도,구미시,구미시장학재단
781,출연기관,경상북도,구미시,재단법인 구미먹거리통합지원센터
782,출연기관,경상북도,구미시,재단법인 구미문화재단
783,출연기관,경상북도,영주시,영주시인재육성장학회  
784,출연기관,경상북도,영주시,영주문화관광재단 
785,출연기관,경상북도,영주시,재단법인 영주한국효문화진흥원
786,출연기관,경상북도,영천시,재단법인 경북자동차임베디드연구원
787,출연기관,경상북도,영천시,영천시장학회
788,출연기관,경상북도,상주시,상주시장학회
789,출연기관,경상북도,문경시,문경시장학회
790,출연기관,경상북도,문경시,문경시상권활성화재단
791,출연기관,경상북도,경산시,경북IT융합산업기술원  
792,출연기관,경상북도,경산시,경산시장학회
793,출연기관,경상북도,경산시,재단법인 경산문화관광재단
794,출연기관,경상북도,의성군,의성군장학회 
795,출연기관,경상북도,청송군,청송군인재육성장학회  
796,출연기관,경상북도,청송군,청송문화관광재단
797,출연기관,경상북도,영양군,영양군인재육성장학회  
798,출연기관,경상북도,영양군,영양군영양축제관광재단
799,출연기관,경상북도,영덕군,영덕군교육발전위원회
800,출연기관,경상북도,영덕군,재단법인 영덕문화관광재단
801,출연기관,경상북도,영덕군,영덕복지재단
802,출연기관,경상북도,청도군,청도군인재육성장학회  
803,출연기관,경상북도,청도군,청도우리정신문화재단 
804,출연기관,경상북도,성주군,성주군별고을장학회 
805,출연기관,경상북도,고령군,재단법인 고령문화관광재단
806,출연기관,경상북도,칠곡군,재단법인 칠곡문화관광재단
807,출연기관,경상북도,칠곡군,호이장학회
808,출연기관,경상북도,예천군,재단법인 예천문화관광재단
809,출연기관,경상북도,예천군,예천군민장학회
810,출연기관,경상북도,봉화군,재단법인 봉화축제관광재단
811,출연기관,경상북도,울진군,울진군의료원  
812,출연기관,경상북도,울진군,울진군장학재단
813,출연기관,경상북도,울진군,재단법인 환동해산업연구원
814,출연기관,경상북도,울릉군,재단법인 울릉군 인재육성재단
815,출연기관,경상남도,본청,재단법인 경상남도미래세대재단
816,출연기관,경상남도,본청,경남신용보증재단  
817,출연기관,경상남도,본청,재단법인 경남연구원
818,출연기관,경상남도,본청,경남테크노파크  
819,출연기관,경상남도,본청,경남로봇랜드재단  
820,출연기관,경상남도,본청,재단법인 경상남도환경재단
821,출연기관,경상남도,본청,경남문화예술진흥원  
822,출연기관,경상남도,본청,경상남도마산의료원  
823,출연기관,경상남도,본청,재단법인 경남항노화연구원
824,출연기관,경상남도,본청,경상남도장학회
825,출연기관,경상남도,본청,재단법인 경상남도 사회서비스원
826,출연기관,경상남도,본청,재단법인 경상남도 관광재단
827,출연기관,경상남도,본청,재단법인 경상남도 여성가족재단
828,출연기관,경상남도,본청,재단법인 경상남도 투자경제진흥원
829,출연기관,경상남도,본청,재단법인 경상남도인재평생교육진흥원
830,출연기관,경상남도,창원시,창원문화재단  
831,출연기관,경상남도,창원시,창원시정연구원  
832,출연기관,경상남도,창원시,재단법인 창원산업진흥원
833,출연기관,경상남도,창원시,창원시장학회
834,출연기관,경상남도,창원시,재단법인 창원복지재단
835,출연기관,경상남도,창원시,재단법인 창원시상권활성화재단
836,출연기관,경상남도,창원시,재단법인 창원에프씨
837,출연기관,경상남도,진주시,재단법인 진주바이오산업진흥원  
838,출연기관,경상남도,진주시,진주시복지재단 
839,출연기관,경상남도,진주시,진주문화관광재단
840,출연기관,경상남도,진주시,재단법인 진주시상권활성화재단
841,출연기관,경상남도,통영시,통영국제음악재단
842,출연기관,경상남도,통영시,통영시지속가능발전교육재단  
843,출연기관,경상남도,통영시,재단법인 통영문화재단
844,출연기관,경상남도,사천시,사천문화재단  
845,출연기관,경상남도,사천시,사천시인재육성장학재단  
846,출연기관,경상남도,사천시,재단법인 사천시 복지 청소년재단
847,출연기관,경상남도,사천시,재단법인 사천시미생물발효재단
848,출연기관,경상남도,김해시,재단법인 김해의생명산업진흥원
849,출연기관,경상남도,김해시,재단법인 김해문화관광재단  
850,출연기관,경상남도,김해시,김해시복지재단  
851,출연기관,경상남도,김해시,재단법인 김해시미래인재장학재단
852,출연기관,경상남도,김해시,재단법인 김해연구원
853,출연기관,경상남도,김해시,재단법인 김해에프씨
854,출연기관,경상남도,김해시,재단법인 김해인재양성재단
855,출연기관,경상남도,밀양시,밀양시민장학재단  
856,출연기관,경상남도,밀양시,재단법인 밀양문화관광재단
857,출연기관,경상남도,거제시,거제시문화예술재단  
858,출연기관,경상남도,거제시,거제시희망복지재단
859,출연기관,경상남도,양산시,양산시인재육성장학재단  
860,출연기관,경상남도,양산시,양산시복지재단
861,출연기관,경상남도,양산시,재단법인 양산문화재단
862,출연기관,경상남도,함안군,함안군장학재단
863,출연기관,경상남도,창녕군, 재단법인 창녕양파앤마늘식품연구원
864,출연기관,경상남도,창녕군,창녕군인재육성장학재단
865,출연기관,경상남도,고성군,재단법인 고성문화관광재단
866,출연기관,경상남도,고성군,재단법인 고성교육재단
867,출연기관,경상남도,남해군,재단법인 남해마늘연구소
868,출연기관,경상남도,남해군,재단법인 남해군관광문화재단
869,출연기관,경상남도,남해군,재단법인 남해군인재육성재단
870,출연기관,경상남도,하동군,하동군장학재단  
871,출연기관,경상남도,하동군,재단법인 하동차앤바이오진흥원
872,출연기관,경상남도,거창군,거창군장학회  
873,출연기관,경상남도,거창군,거창화강석연구센터
874,출연기관,경상남도,거창군,거창문화재단
875,출연기관,경상남도,산청군,재단법인 산청축제관광재단
876,출연기관,경상남도,함양군,재단법인 함양군장학회
877,출연기관,경상남도,합천군,재단법인 합천군인재육성재단
878,출연기관,제주특별자치도,본청,제주의료원  
879,출연기관,제주특별자치도,본청,서귀포의료원  
880,출연기관,제주특별자치도,본청,제주평생교육장학진흥원
881,출연기관,제주특별자치도,본청,제주문화예술재단  
882,출연기관,제주특별자치도,본청,제주연구원
883,출연기관,제주특별자치도,본청,제주신용보증재단  
884,출연기관,제주특별자치도,본청,제주테크노파크  
885,출연기관,제주특별자치도,본청,제주특별자치도경제통상진흥원  
886,출연기관,제주특별자치도,본청,제주여성가족연구원  
887,출연기관,제주특별자치도,본청,제주4·3평화재단  
888,출연기관,제주특별자치도,본청,제주한의약연구원
889,출연기관,제주특별자치도,본청,재단법인 제주콘텐츠진흥원
890,출연기관,제주특별자치도,본청,재단법인 제주특별자치도 사회서비스원
